[
  {
    "name": "firstName",
    "label": "First Name",
    "type": "input"
  },
  {
    "name": "lastName",
    "label": "Last Name",
    "type": "input"
  },
  {
    "name": "gender",
    "label": "Gender",
    "type": "select",
    "options": [
      { "value": "", "label": "" },
      { "value": "male", "label": "Male" },
      { "value": "female", "label": "Female" },
      { "value": "Non-Binary", "label": "Non-Binary" },
      { "value": "Unknown", "label": "Unknown" }
    ],
    "required": { "value": true, "message": "RequiredFieldError" }
  },
  {
    "name": "age",
    "label": "Age",
    "type": "select",
    "options": [
      { "value": "", "label": "" },
      { "value": "Unborn", "label": "Unborn" },
      { "value": "00", "label": "0" },
      { "value": "01", "label": "1" },
      { "value": "02", "label": "2" },
      { "value": "03", "label": "3" },
      { "value": "04", "label": "4" },
      { "value": "05", "label": "5" },
      { "value": "06", "label": "6" },
      { "value": "07", "label": "7" },
      { "value": "08", "label": "8" },
      { "value": "09", "label": "9" },
      { "value": "10", "label": "10" },
      { "value": "11", "label": "11" },
      { "value": "12", "label": "12" },
      { "value": "13", "label": "13" },
      { "value": "14", "label": "14" },
      { "value": "15", "label": "15" },
      { "value": "16", "label": "16" },
      { "value": "17", "label": "17" },
      { "value": "18", "label": "18" },
      { "value": "19", "label": "19" },
      { "value": "20", "label": "20" },
      { "value": "21", "label": "21" },
      { "value": "22", "label": "22" },
      { "value": "23", "label": "23" },
      { "value": "24", "label": "24" },
      { "value": "25", "label": "25" },
      { "value": "26", "label": "26" },
      { "value": "27", "label": "27" },
      { "value": "28", "label": "28" },
      { "value": "29", "label": "29" },
      { "value": "30", "label": "30" },
      { "value": "31", "label": "31" },
      { "value": "32", "label": "32" },
      { "value": "33", "label": "33" },
      { "value": "34", "label": "34" },
      { "value": "35", "label": "35" },
      { "value": "36", "label": "36" },
      { "value": "37", "label": "37" },
      { "value": "38", "label": "38" },
      { "value": "39", "label": "39" },
      { "value": "40", "label": "40" },
      { "value": "41", "label": "41" },
      { "value": "42", "label": "42" },
      { "value": "43", "label": "43" },
      { "value": "44", "label": "44" },
      { "value": "45", "label": "45" },
      { "value": "46", "label": "46" },
      { "value": "47", "label": "47" },
      { "value": "48", "label": "48" },
      { "value": "49", "label": "49" },
      { "value": "50", "label": "50" },
      { "value": "51", "label": "51" },
      { "value": "52", "label": "52" },
      { "value": "53", "label": "53" },
      { "value": "54", "label": "54" },
      { "value": "55", "label": "55" },
      { "value": "56", "label": "56" },
      { "value": "57", "label": "57" },
      { "value": "58", "label": "58" },
      { "value": "59", "label": "59" },
      { "value": "60", "label": "60" },
      { "value": "61", "label": "61" },
      { "value": "62", "label": "62" },
      { "value": "63", "label": "63" },
      { "value": "64", "label": "64" },
      { "value": "65", "label": "65" },
      { "value": "66", "label": "66" },
      { "value": "67", "label": "67" },
      { "value": "68", "label": "68" },
      { "value": "69", "label": "69" },
      { "value": "70", "label": "70" },
      { "value": "71", "label": "71" },
      { "value": "72", "label": "72" },
      { "value": "73", "label": "73" },
      { "value": "74", "label": "74" },
      { "value": "75", "label": "75" },
      { "value": "76", "label": "76" },
      { "value": "77", "label": "77" },
      { "value": "78", "label": "78" },
      { "value": "79", "label": "79" },
      { "value": "80", "label": "80" },
      { "value": "81", "label": "81" },
      { "value": "82", "label": "82" },
      { "value": "83", "label": "83" },
      { "value": "84", "label": "84" },
      { "value": "85", "label": "85" },
      { "value": "86", "label": "86" },
      { "value": "87", "label": "87" },
      { "value": "88", "label": "88" },
      { "value": "89", "label": "89" },
      { "value": "90", "label": "90" },
      { "value": "91", "label": "91" },
      { "value": "92", "label": "92" },
      { "value": "93", "label": "93" },
      { "value": "94", "label": "94" },
      { "value": "95", "label": "95" },
      { "value": "96", "label": "96" },
      { "value": "97", "label": "97" },
      { "value": "98", "label": "98" },
      { "value": "99", "label": "99" },
      { "value": "Unknown", "label": "Unknown" },
      { "value": "Other", "label": "Other" }
    ],
    "required": { "value": true, "message": "RequiredFieldError" }
  },
  {
    "name": "dateBirth",
    "label": "Date of Birth",
    "type": "date-input"
  },
  {
    "name": "permanentAddress",
    "label": "Permanent Address",
    "type": "input"
  },
  {
    "name": "country",
    "label": "Country",
    "type": "select",
    "unknownOption": "Unknown",
    "options": [
      {
        "value": "India",
        "label": "India"
      },
      {
        "value": "Afghanistan",
        "label": "Afghanistan"
      },
      {
        "value": "Albania",
        "label": "Albania"
      },
      {
        "value": "Algeria",
        "label": "Algeria"
      },
      {
        "value": "Andorra",
        "label": "Andorra"
      },
      {
        "value": "Angola",
        "label": "Angola"
      },
      {
        "value": "Antigua and Barbuda",
        "label": "Antigua and Barbuda"
      },
      {
        "value": "Argentina",
        "label": "Argentina"
      },
      {
        "value": "Armenia",
        "label": "Armenia"
      },
      {
        "value": "Australia",
        "label": "Australia"
      },
      {
        "value": "Austria",
        "label": "Austria"
      },
      {
        "value": "Azerbaijan",
        "label": "Azerbaijan"
      },
      {
        "value": "Bahamas",
        "label": "Bahamas"
      },
      {
        "value": "Bahrain",
        "label": "Bahrain"
      },
      {
        "value": "Bangladesh",
        "label": "Bangladesh"
      },
      {
        "value": "Barbados",
        "label": "Barbados"
      },
      {
        "value": "Belarus",
        "label": "Belarus"
      },
      {
        "value": "Belgium",
        "label": "Belgium"
      },
      {
        "value": "Belize",
        "label": "Belize"
      },
      {
        "value": "Benin",
        "label": "Benin"
      },
      {
        "value": "Bhutan",
        "label": "Bhutan"
      },
      {
        "value": "Bolivia",
        "label": "Bolivia"
      },
      {
        "value": "Bosnia and Herzegovina",
        "label": "Bosnia and Herzegovina"
      },
      {
        "value": "Botswana",
        "label": "Botswana"
      },
      {
        "value": "Brazil",
        "label": "Brazil"
      },
      {
        "value": "Brunei",
        "label": "Brunei"
      },
      {
        "value": "Bulgaria",
        "label": "Bulgaria"
      },
      {
        "value": "Burkina Faso",
        "label": "Burkina Faso"
      },
      {
        "value": "Burundi",
        "label": "Burundi"
      },
      {
        "value": "Côte d'Ivoire",
        "label": "Côte d'Ivoire"
      },
      {
        "value": "Cabo Verde",
        "label": "Cabo Verde"
      },
      {
        "value": "Cambodia",
        "label": "Cambodia"
      },
      {
        "value": "Cameroon",
        "label": "Cameroon"
      },
      {
        "value": "Canada",
        "label": "Canada"
      },
      {
        "value": "Central African Republic",
        "label": "Central African Republic"
      },
      {
        "value": "Chad",
        "label": "Chad"
      },
      {
        "value": "Chile",
        "label": "Chile"
      },
      {
        "value": "China",
        "label": "China"
      },
      {
        "value": "Colombia",
        "label": "Colombia"
      },
      {
        "value": "Comoros",
        "label": "Comoros"
      },
      {
        "value": "Congo (Congo-Brazzaville)",
        "label": "Congo (Congo-Brazzaville)"
      },
      {
        "value": "Costa Rica",
        "label": "Costa Rica"
      },
      {
        "value": "Croatia",
        "label": "Croatia"
      },
      {
        "value": "Cuba",
        "label": "Cuba"
      },
      {
        "value": "Cyprus",
        "label": "Cyprus"
      },
      {
        "value": "Czechia (Czech Republic)",
        "label": "Czechia (Czech Republic)"
      },
      {
        "value": "Democratic Republic of the Congo",
        "label": "Democratic Republic of the Congo"
      },
      {
        "value": "Denmark",
        "label": "Denmark"
      },
      {
        "value": "Djibouti",
        "label": "Djibouti"
      },
      {
        "value": "Dominica",
        "label": "Dominica"
      },
      {
        "value": "Dominican Republic",
        "label": "Dominican Republic"
      },
      {
        "value": "Ecuador",
        "label": "Ecuador"
      },
      {
        "value": "Egypt",
        "label": "Egypt"
      },
      {
        "value": "El Salvador",
        "label": "El Salvador"
      },
      {
        "value": "Equatorial Guinea",
        "label": "Equatorial Guinea"
      },
      {
        "value": "Eritrea",
        "label": "Eritrea"
      },
      {
        "value": "Estonia",
        "label": "Estonia"
      },
      {
        "value": "Eswatini",
        "label": "Eswatini"
      },
      {
        "value": "Ethiopia",
        "label": "Ethiopia"
      },
      {
        "value": "Fiji",
        "label": "Fiji"
      },
      {
        "value": "Finland",
        "label": "Finland"
      },
      {
        "value": "France",
        "label": "France"
      },
      {
        "value": "Gabon",
        "label": "Gabon"
      },
      {
        "value": "Gambia",
        "label": "Gambia"
      },
      {
        "value": "Georgia",
        "label": "Georgia"
      },
      {
        "value": "Germany",
        "label": "Germany"
      },
      {
        "value": "Ghana",
        "label": "Ghana"
      },
      {
        "value": "Greece",
        "label": "Greece"
      },
      {
        "value": "Grenada",
        "label": "Grenada"
      },
      {
        "value": "Guatemala",
        "label": "Guatemala"
      },
      {
        "value": "Guinea",
        "label": "Guinea"
      },
      {
        "value": "Guinea-Bissau",
        "label": "Guinea-Bissau"
      },
      {
        "value": "Guyana",
        "label": "Guyana"
      },
      {
        "value": "Haiti",
        "label": "Haiti"
      },
      {
        "value": "Holy See",
        "label": "Holy See"
      },
      {
        "value": "Honduras",
        "label": "Honduras"
      },
      {
        "value": "Hungary",
        "label": "Hungary"
      },
      {
        "value": "Iceland",
        "label": "Iceland"
      },
      {
        "value": "Indonesia",
        "label": "Indonesia"
      },
      {
        "value": "Iran",
        "label": "Iran"
      },
      {
        "value": "Iraq",
        "label": "Iraq"
      },
      {
        "value": "Ireland",
        "label": "Ireland"
      },
      {
        "value": "Israel",
        "label": "Israel"
      },
      {
        "value": "Italy",
        "label": "Italy"
      },
      {
        "value": "Jamaica",
        "label": "Jamaica"
      },
      {
        "value": "Japan",
        "label": "Japan"
      },
      {
        "value": "Jordan",
        "label": "Jordan"
      },
      {
        "value": "Kazakhstan",
        "label": "Kazakhstan"
      },
      {
        "value": "Kenya",
        "label": "Kenya"
      },
      {
        "value": "Kiribati",
        "label": "Kiribati"
      },
      {
        "value": "Kuwait",
        "label": "Kuwait"
      },
      {
        "value": "Kyrgyzstan",
        "label": "Kyrgyzstan"
      },
      {
        "value": "Laos",
        "label": "Laos"
      },
      {
        "value": "Latvia",
        "label": "Latvia"
      },
      {
        "value": "Lebanon",
        "label": "Lebanon"
      },
      {
        "value": "Lesotho",
        "label": "Lesotho"
      },
      {
        "value": "Liberia",
        "label": "Liberia"
      },
      {
        "value": "Libya",
        "label": "Libya"
      },
      {
        "value": "Liechtenstein",
        "label": "Liechtenstein"
      },
      {
        "value": "Lithuania",
        "label": "Lithuania"
      },
      {
        "value": "Luxembourg",
        "label": "Luxembourg"
      },
      {
        "value": "Madagascar",
        "label": "Madagascar"
      },
      {
        "value": "Malawi",
        "label": "Malawi"
      },
      {
        "value": "Malaysia",
        "label": "Malaysia"
      },
      {
        "value": "Maldives",
        "label": "Maldives"
      },
      {
        "value": "Mali",
        "label": "Mali"
      },
      {
        "value": "Malta",
        "label": "Malta"
      },
      {
        "value": "Marshall Islands",
        "label": "Marshall Islands"
      },
      {
        "value": "Mauritania",
        "label": "Mauritania"
      },
      {
        "value": "Mauritius",
        "label": "Mauritius"
      },
      {
        "value": "Mexico",
        "label": "Mexico"
      },
      {
        "value": "Micronesia",
        "label": "Micronesia"
      },
      {
        "value": "Moldova",
        "label": "Moldova"
      },
      {
        "value": "Monaco",
        "label": "Monaco"
      },
      {
        "value": "Mongolia",
        "label": "Mongolia"
      },
      {
        "value": "Montenegro",
        "label": "Montenegro"
      },
      {
        "value": "Morocco",
        "label": "Morocco"
      },
      {
        "value": "Mozambique",
        "label": "Mozambique"
      },
      {
        "value": "Myanmar (formerly Burma)",
        "label": "Myanmar (formerly Burma)"
      },
      {
        "value": "Namibia",
        "label": "Namibia"
      },
      {
        "value": "Nauru",
        "label": "Nauru"
      },
      {
        "value": "Nepal",
        "label": "Nepal"
      },
      {
        "value": "Netherlands",
        "label": "Netherlands"
      },
      {
        "value": "New Zealand",
        "label": "New Zealand"
      },
      {
        "value": "Nicaragua",
        "label": "Nicaragua"
      },
      {
        "value": "Niger",
        "label": "Niger"
      },
      {
        "value": "Nigeria",
        "label": "Nigeria"
      },
      {
        "value": "North Korea",
        "label": "North Korea"
      },
      {
        "value": "North Macedonia",
        "label": "North Macedonia"
      },
      {
        "value": "Norway",
        "label": "Norway"
      },
      {
        "value": "Oman",
        "label": "Oman"
      },
      {
        "value": "Pakistan",
        "label": "Pakistan"
      },
      {
        "value": "Palau",
        "label": "Palau"
      },
      {
        "value": "Palestine State",
        "label": "Palestine State"
      },
      {
        "value": "Panama",
        "label": "Panama"
      },
      {
        "value": "Papua New Guinea",
        "label": "Papua New Guinea"
      },
      {
        "value": "Paraguay",
        "label": "Paraguay"
      },
      {
        "value": "Peru",
        "label": "Peru"
      },
      {
        "value": "Philippines",
        "label": "Philippines"
      },
      {
        "value": "Poland",
        "label": "Poland"
      },
      {
        "value": "Portugal",
        "label": "Portugal"
      },
      {
        "value": "Qatar",
        "label": "Qatar"
      },
      {
        "value": "Romania",
        "label": "Romania"
      },
      {
        "value": "Russia",
        "label": "Russia"
      },
      {
        "value": "Rwanda",
        "label": "Rwanda"
      },
      {
        "value": "Saint Kitts and Nevis",
        "label": "Saint Kitts and Nevis"
      },
      {
        "value": "Saint Lucia",
        "label": "Saint Lucia"
      },
      {
        "value": "Saint Vincent and the Grenadines",
        "label": "Saint Vincent and the Grenadines"
      },
      {
        "value": "Samoa",
        "label": "Samoa"
      },
      {
        "value": "San Marino",
        "label": "San Marino"
      },
      {
        "value": "Sao Tome and Principe",
        "label": "Sao Tome and Principe"
      },
      {
        "value": "Saudi Arabia",
        "label": "Saudi Arabia"
      },
      {
        "value": "Senegal",
        "label": "Senegal"
      },
      {
        "value": "Serbia",
        "label": "Serbia"
      },
      {
        "value": "Seychelles",
        "label": "Seychelles"
      },
      {
        "value": "Sierra Leone",
        "label": "Sierra Leone"
      },
      {
        "value": "Singapore",
        "label": "Singapore"
      },
      {
        "value": "Slovakia",
        "label": "Slovakia"
      },
      {
        "value": "Slovenia",
        "label": "Slovenia"
      },
      {
        "value": "Solomon Islands",
        "label": "Solomon Islands"
      },
      {
        "value": "Somalia",
        "label": "Somalia"
      },
      {
        "value": "South Africa",
        "label": "South Africa"
      },
      {
        "value": "South Korea",
        "label": "South Korea"
      },
      {
        "value": "South Sudan",
        "label": "South Sudan"
      },
      {
        "value": "Spain",
        "label": "Spain"
      },
      {
        "value": "Sri Lanka",
        "label": "Sri Lanka"
      },
      {
        "value": "Sudan",
        "label": "Sudan"
      },
      {
        "value": "Suriname",
        "label": "Suriname"
      },
      {
        "value": "Sweden",
        "label": "Sweden"
      },
      {
        "value": "Switzerland",
        "label": "Switzerland"
      },
      {
        "value": "Syria",
        "label": "Syria"
      },
      {
        "value": "Tajikistan",
        "label": "Tajikistan"
      },
      {
        "value": "Tanzania",
        "label": "Tanzania"
      },
      {
        "value": "Thailand",
        "label": "Thailand"
      },
      {
        "value": "Timor-Leste",
        "label": "Timor-Leste"
      },
      {
        "value": "Togo",
        "label": "Togo"
      },
      {
        "value": "Tonga",
        "label": "Tonga"
      },
      {
        "value": "Trinidad and Tobago",
        "label": "Trinidad and Tobago"
      },
      {
        "value": "Tunisia",
        "label": "Tunisia"
      },
      {
        "value": "Turkey",
        "label": "Turkey"
      },
      {
        "value": "Turkmenistan",
        "label": "Turkmenistan"
      },
      {
        "value": "Tuvalu",
        "label": "Tuvalu"
      },
      {
        "value": "Uganda",
        "label": "Uganda"
      },
      {
        "value": "Ukraine",
        "label": "Ukraine"
      },
      {
        "value": "United Arab Emirates",
        "label": "United Arab Emirates"
      },
      {
        "value": "United Kingdom",
        "label": "United Kingdom"
      },
      {
        "value": "United States of America",
        "label": "United States of America"
      },
      {
        "value": "Uruguay",
        "label": "Uruguay"
      },
      {
        "value": "Uzbekistan",
        "label": "Uzbekistan"
      },
      {
        "value": "Vanuatu",
        "label": "Vanuatu"
      },
      {
        "value": "Venezuela",
        "label": "Venezuela"
      },
      {
        "value": "Vietnam",
        "label": "Vietnam"
      },
      {
        "value": "Yemen",
        "label": "Yemen"
      },
      {
        "value": "Zambia",
        "label": "Zambia"
      },
      {
        "value": "Zimbabwe",
        "label": "Zimbabwe"
      }
    ]
  },
  {
    "name": "city",
    "label": "City/Town/Village",
    "type": "input"
  },
  {
    "name": "state",
    "label": "State",
    "type": "select",
    "options": [
        { "value": "", "label": "" },
        { "value": "Andaman & Nicobar", "label": "Andaman & Nicobar" },
        { "value":  "Andhra Pradesh", "label":  "Andhra Pradesh" },
        { "value":  "Arunachal Pradesh", "label":  "Arunachal Pradesh" },
        { "value":  "Assam", "label":  "Assam" },
        { "value":  "Bihar", "label":  "Bihar" },
        { "value":  "Chandigarh", "label":  "Chandigarh" },
        { "value":  "Chhattisgarh", "label":  "Chhattisgarh" },
        { "value":  "Dadra and Nagar Haveli & Daman and Diu", "label":  "Dadra and Nagar Haveli & Daman and Diu" },
        { "value":  "Delhi", "label":  "Delhi" },
        { "value":  "Goa", "label":  "Goa" },
        { "value":  "Gujarat", "label":  "Gujarat" },
        { "value":  "Haryana", "label":  "Haryana" },
        { "value":  "Himachal Pradesh", "label":  "Himachal Pradesh" },
        { "value":  "Jammu & Kashmir", "label":  "Jammu & Kashmir" },
        { "value":  "Jharkhand", "label":  "Jharkhand" },
        { "value":  "Karnataka", "label":  "Karnataka" },
        { "value":  "Kerala", "label":  "Kerala" },
        { "value":  "Ladakh", "label":  "Ladakh" },
        { "value":  "Lakshadweep", "label":  "Lakshadweep" },
        { "value":  "Madhya Pradesh", "label":  "Madhya Pradesh" },
        { "value":  "Maharashtra", "label":  "Maharashtra" },
        { "value":  "Manipur", "label":  "Manipur" },
        { "value":  "Meghalaya", "label":  "Meghalaya" },
        { "value":  "Mizoram", "label":  "Mizoram" },
        { "value":  "Nagaland", "label":  "Nagaland" },
        { "value":  "Orissa", "label":  "Orissa" },
        { "value":  "Pondicherry", "label":  "Pondicherry" },
        { "value":  "Punjab", "label":  "Punjab" },
        { "value":  "Rajasthan", "label":  "Rajasthan" },
        { "value":  "Sikkim", "label":  "Sikkim" },
        { "value":  "Tamil Nadu", "label":  "Tamil Nadu" },
        { "value":  "Telangana", "label":  "Telangana" },
        { "value":  "Tripura", "label":  "Tripura" },
        { "value":  "Uttar Pradesh", "label":  "Uttar Pradesh" },
        { "value":  "Uttaranchal", "label":  "Uttaranchal" },
        { "value":  "West Bengal", "label":  "West Bengal" },
        { "value":  "Unknown", "label":  "Unknown" }
    ]
},
{
    "name": "district",
    "label": "District",
    "type": "dependent-select",
    "dependsOn": "state",
    "defaultOption": { "value": "", "label": "" },
    "options": {       
        "Andhra Pradesh": [
            { "value": "Unknown", "label": "Unknown" },
            { "value": "Anantapur","label": "Anantapur" },
            { "value": "Chittoor","label": "Chittoor" },
            { "value": "East Godavari","label": "East Godavari" },
            { "value": "Guntur","label": "Guntur" },
            { "value": "Krishna","label": "Krishna" },
            { "value": "Kurnool","label": "Kurnool" },
            { "value": "Nellore","label": "Nellore" },
            { "value": "Prakasam","label": "Prakasam" },
            { "value": "Srikakulam","label": "Srikakulam" },
            { "value": "Visakhapatnam","label": "Visakhapatnam" },
            { "value": "Vizianagaram","label": "Vizianagaram" },
            { "value": "West Godavari","label": "West Godavari" },
            { "value": "YSR Kadapa","label": "YSR Kadapa" }
        ],
         "Arunachal Pradesh": [
            { "value": "Unknown", "label": "Unknown" },
            { "value": "Tawang","label": "Tawang" },
            { "value": "West Kameng","label": "West Kameng" },
            { "value": "East Kameng","label": "East Kameng" },
            { "value": "Papum Pare","label": "Papum Pare" },
            { "value": "Kurung Kumey","label": "Kurung Kumey" },
            { "value": "Kra Daadi","label": "Kra Daadi" },
            { "value": "Lower Subansiri","label": "Lower Subansiri" },
            { "value": "Upper Subansiri","label": "Upper Subansiri" },
            { "value": "West Siang","label": "West Siang" },
            { "value": "East Siang","label": "East Siang" },
            { "value": "Siang","label": "Siang" },
            { "value": "Upper Siang","label": "Upper Siang" },
            { "value": "Lower Siang","label": "Lower Siang" },
            { "value": "Lower Dibang Valley","label": "Lower Dibang Valley" },
            { "value": "Dibang Valley","label": "Dibang Valley" },
            { "value": "Anjaw","label": "Anjaw" },
            { "value": "Lohit","label": "Lohit" },
            { "value": "Namsai","label": "Namsai" },
            { "value": "Changlang","label": "Changlang" },
            { "value": "Tirap","label": "Tirap" },
            { "value": "Longding","label": "Longding" }
        ],
         "Assam": [
            { "value": "Unknown", "label": "Unknown" },
            { "value": "Baksa","label": "Baksa" },
            { "value": "Barpeta","label": "Barpeta" },
            { "value": "Biswanath","label": "Biswanath" },
            { "value": "Bongaigaon","label": "Bongaigaon" },
            { "value": "Cachar","label": "Cachar" },
            { "value": "Charaideo","label": "Charaideo" },
            { "value": "Chirang","label": "Chirang" },
            { "value": "Darrang","label": "Darrang" },
            { "value": "Dhemaji","label": "Dhemaji" },
            { "value": "Dhubri","label": "Dhubri" },
            { "value": "Dibrugarh","label": "Dibrugarh" },
            { "value": "Goalpara","label": "Goalpara" },
            { "value": "Golaghat","label": "Golaghat" },
            { "value": "Hailakandi","label": "Hailakandi" },
            { "value": "Hojai","label": "Hojai" },
            { "value": "Jorhat","label": "Jorhat" },
            { "value": "Kamrup Metropolitan","label": "Kamrup Metropolitan" },
            { "value": "Kamrup","label": "Kamrup" },
            { "value": "Karbi Anglong","label": "Karbi Anglong" },
            { "value": "Karimganj","label": "Karimganj" },
            { "value": "Kokrajhar","label": "Kokrajhar" },
            { "value": "Lakhimpur","label": "Lakhimpur" },
            { "value": "Majuli","label": "Majuli" },
            { "value": "Morigaon","label": "Morigaon" },
            { "value": "Nagaon","label": "Nagaon" },
            { "value": "Nalbari","label": "Nalbari" },
            { "value": "Dima Hasao","label": "Dima Hasao" },
            { "value": "Sivasagar","label": "Sivasagar" },
            { "value": "Sonitpur","label": "Sonitpur" },
            { "value": "South Salmara-Mankachar","label": "South Salmara-Mankachar" },
            { "value": "Tinsukia","label": "Tinsukia" },
            { "value": "Udalguri","label": "Udalguri" },
            { "value": "West Karbi Anglong","label": "West Karbi Anglong" }
        ],
         "Bihar": [
            { "value": "Unknown", "label": "Unknown" },
            { "value": "Araria","label": "Araria" },
            { "value": "Arwal","label": "Arwal" },
            { "value": "Aurangabad","label": "Aurangabad" },
            { "value": "Banka","label": "Banka" },
            { "value": "Begusarai","label": "Begusarai" },
            { "value": "Bhagalpur","label": "Bhagalpur" },
            { "value": "Bhojpur","label": "Bhojpur" },
            { "value": "Buxar","label": "Buxar" },
            { "value": "Darbhanga","label": "Darbhanga" },
            { "value": "East Champaran (Motihari)","label": "East Champaran (Motihari)" },
            { "value": "Gaya","label": "Gaya" },
            { "value": "Gopalganj","label": "Gopalganj" },
            { "value": "Jamui","label": "Jamui" },
            { "value": "Jehanabad","label": "Jehanabad" },
            { "value": "Kaimur (Bhabua)","label": "Kaimur (Bhabua)" },
            { "value": "Katihar","label": "Katihar" },
            { "value": "Khagaria","label": "Khagaria" },
            { "value": "Kishanganj","label": "Kishanganj" },
            { "value": "Lakhisarai","label": "Lakhisarai" },
            { "value": "Madhepura","label": "Madhepura" },
            { "value": "Madhubani","label": "Madhubani" },
            { "value": "Munger (Monghyr)","label": "Munger (Monghyr)" },
            { "value": "Muzaffarpur","label": "Muzaffarpur" },
            { "value": "Nalanda","label": "Nalanda" },
            { "value": "Nawada","label": "Nawada" },
            { "value": "Patna","label": "Patna" },
            { "value": "Purnia (Purnea)","label": "Purnia (Purnea)" },
            { "value": "Rohtas","label": "Rohtas" },
            { "value": "Saharsa","label": "Saharsa" },
            { "value": "Samastipur","label": "Samastipur" },
            { "value": "Saran","label": "Saran" },
            { "value": "Sheikhpura","label": "Sheikhpura" },
            { "value": "Sheohar","label": "Sheohar" },
            { "value": "Sitamarhi","label": "Sitamarhi" },
            { "value": "Siwan","label": "Siwan" },
            { "value": "Supaul","label": "Supaul" },
            { "value": "Vaishali","label": "Vaishali" },
            { "value": "West Champaran","label": "West Champaran" }
        ],
         "Chandigarh": [
            { "value": "Unknown", "label": "Unknown" },
            { "value": "Chandigarh","label": "Chandigarh" }
        ],
         "Chhattisgarh": [
            { "value": "Unknown", "label": "Unknown" },
            { "value": "Balod","label": "Balod" },
            { "value": "Baloda Bazar","label": "Baloda Bazar" },
            { "value": "Balrampur","label": "Balrampur" },
            { "value": "Bastar","label": "Bastar" },
            { "value": "Bemetara","label": "Bemetara" },
            { "value": "Bijapur","label": "Bijapur" },
            { "value": "Bilaspur","label": "Bilaspur" },
            { "value": "Dantewada (South Bastar)","label": "Dantewada (South Bastar)" },
            { "value": "Dhamtari","label": "Dhamtari" },
            { "value": "Durg","label": "Durg" },
            { "value": "Gariyaband","label": "Gariyaband" },
            { "value": "Janjgir-Champa","label": "Janjgir-Champa" },
            { "value": "Jashpur","label": "Jashpur" },
            { "value": "Kabirdham (Kawardha)","label": "Kabirdham (Kawardha)" },
            { "value": "Kanker (North Bastar)","label": "Kanker (North Bastar)" },
            { "value": "Kondagaon","label": "Kondagaon" },
            { "value": "Korba","label": "Korba" },
            { "value": "Korea (Koriya)","label": "Korea (Koriya)" },
            { "value": "Mahasamund","label": "Mahasamund" },
            { "value": "Mungeli","label": "Mungeli" },
            { "value": "Narayanpur","label": "Narayanpur" },
            { "value": "Raigarh","label": "Raigarh" },
            { "value": "Raipur","label": "Raipur" },
            { "value": "Rajnandgaon","label": "Rajnandgaon" },
            { "value": "Sukma","label": "Sukma" },
            { "value": "Surajpur ","label": "Surajpur " },
            { "value": "Surguja","label": "Surguja" }
        ],
         "Dadra and Nagar Haveli & Daman and Diu": [
            { "value": "Unknown", "label": "Unknown" },
            { "value": "Dadra & Nagar Haveli","label": "Dadra & Nagar Haveli" },
            { "value": "Daman","label": "Daman" },
            { "value": "Diu","label": "Diu" }
        ],
         "Delhi": [
            { "value": "Unknown", "label": "Unknown" },
            { "value": "Central Delhi","label": "Central Delhi" },
            { "value": "East Delhi","label": "East Delhi" },
            { "value": "New Delhi","label": "New Delhi" },
            { "value": "North Delhi","label": "North Delhi" },
            { "value": "North East Delhi","label": "North East Delhi" },
            { "value": "North West Delhi","label": "North West Delhi" },
            { "value": "Shahdara","label": "Shahdara" },
            { "value": "South Delhi","label": "South Delhi" },
            { "value": "South East Delhi","label": "South East Delhi" },
            { "value": "South West Delhi","label": "South West Delhi" },
            { "value": "West Delhi","label": "West Delhi" }
        ],
         "Goa": [
            { "value": "Unknown", "label": "Unknown" },
            { "value": "North Goa","label": "North Goa" },
            { "value": "South Goa","label": "South Goa" }
        ],
         "Gujarat": [
            { "value": "Unknown", "label": "Unknown" },
            { "value": "Ahmedabad","label": "Ahmedabad" },
            { "value": "Amreli","label": "Amreli" },
            { "value": "Anand","label": "Anand" },
            { "value": "Aravalli","label": "Aravalli" },
            { "value": "Banaskantha (Palanpur)","label": "Banaskantha (Palanpur)" },
            { "value": "Bharuch","label": "Bharuch" },
            { "value": "Bhavnagar","label": "Bhavnagar" },
            { "value": "Botad","label": "Botad" },
            { "value": "Chhota Udepur","label": "Chhota Udepur" },
            { "value": "Dahod","label": "Dahod" },
            { "value": "Dangs (Ahwa)","label": "Dangs (Ahwa)" },
            { "value": "Devbhoomi Dwarka","label": "Devbhoomi Dwarka" },
            { "value": "Gandhinagar","label": "Gandhinagar" },
            { "value": "Gir Somnath","label": "Gir Somnath" },
            { "value": "Jamnagar","label": "Jamnagar" },
            { "value": "Junagadh","label": "Junagadh" },
            { "value": "Kachchh","label": "Kachchh" },
            { "value": "Kheda (Nadiad)","label": "Kheda (Nadiad)" },
            { "value": "Mahisagar","label": "Mahisagar" },
            { "value": "Mehsana","label": "Mehsana" },
            { "value": "Morbi","label": "Morbi" },
            { "value": "Narmada (Rajpipla)","label": "Narmada (Rajpipla)" },
            { "value": "Navsari","label": "Navsari" },
            { "value": "Panchmahal (Godhra)","label": "Panchmahal (Godhra)" },
            { "value": "Patan","label": "Patan" },
            { "value": "Porbandar","label": "Porbandar" },
            { "value": "Rajkot","label": "Rajkot" },
            { "value": "Sabarkantha (Himmatnagar)","label": "Sabarkantha (Himmatnagar)" },
            { "value": "Surat","label": "Surat" },
            { "value": "Surendranagar","label": "Surendranagar" },
            { "value": "Tapi (Vyara)","label": "Tapi (Vyara)" },
            { "value": "Vadodara","label": "Vadodara" },
            { "value": "Valsad","label": "Valsad" }
        ],
         "Haryana": [
            { "value": "Unknown", "label": "Unknown" },
            { "value": "Ambala","label": "Ambala" },
            { "value": "Bhiwani","label": "Bhiwani" },
            { "value": "Charkhi Dadri","label": "Charkhi Dadri" },
            { "value": "Faridabad","label": "Faridabad" },
            { "value": "Fatehabad","label": "Fatehabad" },
            { "value": "Gurgaon","label": "Gurgaon" },
            { "value": "Hisar","label": "Hisar" },
            { "value": "Jhajjar","label": "Jhajjar" },
            { "value": "Jind","label": "Jind" },
            { "value": "Kaithal","label": "Kaithal" },
            { "value": "Karnal","label": "Karnal" },
            { "value": "Kurukshetra","label": "Kurukshetra" },
            { "value": "Mahendragarh","label": "Mahendragarh" },
            { "value": "Mewat","label": "Mewat" },
            { "value": "Palwal","label": "Palwal" },
            { "value": "Panchkula","label": "Panchkula" },
            { "value": "Panipat","label": "Panipat" },
            { "value": "Rewari","label": "Rewari" },
            { "value": "Rohtak","label": "Rohtak" },
            { "value": "Sirsa","label": "Sirsa" },
            { "value": "Sonipat","label": "Sonipat" },
            { "value": "Yamunanagar","label": "Yamunanagar" }
        ],
         "Himachal Pradesh": [
            { "value": "Unknown", "label": "Unknown" },
            { "value": "Bilaspur","label": "Bilaspur" },
            { "value": "Chamba","label": "Chamba" },
            { "value": "Hamirpur","label": "Hamirpur" },
            { "value": "Kangra","label": "Kangra" },
            { "value": "Kinnaur","label": "Kinnaur" },
            { "value": "Kullu","label": "Kullu" },
            { "value": "Lahaul &amp; Spiti","label": "Lahaul &amp; Spiti" },
            { "value": "Mandi","label": "Mandi" },
            { "value": "Shimla","label": "Shimla" },
            { "value": "Sirmaur (Sirmour)","label": "Sirmaur (Sirmour)" },
            { "value": "Solan","label": "Solan" },
            { "value": "Una","label": "Una" }
        ],
         "Jammu and Kashmir": [
            { "value": "Unknown", "label": "Unknown" },
            { "value": "Anantnag","label": "Anantnag" },
            { "value": "Bandipore","label": "Bandipore" },
            { "value": "Baramulla","label": "Baramulla" },
            { "value": "Budgam","label": "Budgam" },
            { "value": "Doda","label": "Doda" },
            { "value": "Ganderbal","label": "Ganderbal" },
            { "value": "Jammu","label": "Jammu" },
            { "value": "Kargil","label": "Kargil" },
            { "value": "Kathua","label": "Kathua" },
            { "value": "Kishtwar","label": "Kishtwar" },
            { "value": "Kulgam","label": "Kulgam" },
            { "value": "Kupwara","label": "Kupwara" },
            { "value": "Leh","label": "Leh" },
            { "value": "Poonch","label": "Poonch" },
            { "value": "Pulwama","label": "Pulwama" },
            { "value": "Rajouri","label": "Rajouri" },
            { "value": "Ramban","label": "Ramban" },
            { "value": "Reasi","label": "Reasi" },
            { "value": "Samba","label": "Samba" },
            { "value": "Shopian","label": "Shopian" },
            { "value": "Srinagar","label": "Srinagar" },
            { "value": "Udhampur","label": "Udhampur" }
        ],
         "Jharkhand": [
            { "value": "Unknown", "label": "Unknown" },
            { "value": "Bokaro","label": "Bokaro" },
            { "value": "Chatra","label": "Chatra" },
            { "value": "Deoghar","label": "Deoghar" },
            { "value": "Dhanbad","label": "Dhanbad" },
            { "value": "Dumka","label": "Dumka" },
            { "value": "East Singhbhum","label": "East Singhbhum" },
            { "value": "Garhwa","label": "Garhwa" },
            { "value": "Giridih","label": "Giridih" },
            { "value": "Godda","label": "Godda" },
            { "value": "Gumla","label": "Gumla" },
            { "value": "Hazaribag","label": "Hazaribag" },
            { "value": "Jamtara","label": "Jamtara" },
            { "value": "Khunti","label": "Khunti" },
            { "value": "Koderma","label": "Koderma" },
            { "value": "Latehar","label": "Latehar" },
            { "value": "Lohardaga","label": "Lohardaga" },
            { "value": "Pakur","label": "Pakur" },
            { "value": "Palamu","label": "Palamu" },
            { "value": "Ramgarh","label": "Ramgarh" },
            { "value": "Ranchi","label": "Ranchi" },
            { "value": "Sahibganj","label": "Sahibganj" },
            { "value": "Seraikela-Kharsawan","label": "Seraikela-Kharsawan" },
            { "value": "Simdega","label": "Simdega" },
            { "value": "West Singhbhum","label": "West Singhbhum" }
        ],
         "Karnataka": [
            { "value": "Unknown", "label": "Unknown" },
            { "value": "Bagalkot","label": "Bagalkot" },
            { "value": "Ballari (Bellary)","label": "Ballari (Bellary)" },
            { "value": "Belagavi (Belgaum)","label": "Belagavi (Belgaum)" },
            { "value": "Bengaluru (Bangalore) Rural","label": "Bengaluru (Bangalore) Rural" },
            { "value": "Bengaluru (Bangalore) Urban","label": "Bengaluru (Bangalore) Urban" },
            { "value": "Bidar","label": "Bidar" },
            { "value": "Chamarajanagar","label": "Chamarajanagar" },
            { "value": "Chikballapur","label": "Chikballapur" },
            { "value": "Chikkamagaluru (Chikmagalur)","label": "Chikkamagaluru (Chikmagalur)" },
            { "value": "Chitradurga","label": "Chitradurga" },
            { "value": "Dakshina Kannada","label": "Dakshina Kannada" },
            { "value": "Davangere","label": "Davangere" },
            { "value": "Dharwad","label": "Dharwad" },
            { "value": "Gadag","label": "Gadag" },
            { "value": "Hassan","label": "Hassan" },
            { "value": "Haveri","label": "Haveri" },
            { "value": "Kalaburagi (Gulbarga)","label": "Kalaburagi (Gulbarga)" },
            { "value": "Kodagu","label": "Kodagu" },
            { "value": "Kolar","label": "Kolar" },
            { "value": "Koppal","label": "Koppal" },
            { "value": "Mandya","label": "Mandya" },
            { "value": "Mysuru (Mysore)","label": "Mysuru (Mysore)" },
            { "value": "Raichur","label": "Raichur" },
            { "value": "Ramanagara","label": "Ramanagara" },
            { "value": "Shivamogga (Shimoga)","label": "Shivamogga (Shimoga)" },
            { "value": "Tumakuru (Tumkur)","label": "Tumakuru (Tumkur)" },
            { "value": "Udupi","label": "Udupi" },
            { "value": "Uttara Kannada (Karwar)","label": "Uttara Kannada (Karwar)" },
            { "value": "Vijayapura (Bijapur)","label": "Vijayapura (Bijapur)" },
            { "value": "Yadgir","label": "Yadgir" }
        ],
         "Kerala": [
            { "value": "Unknown", "label": "Unknown" },
            { "value": "Alappuzha","label": "Alappuzha" },
            { "value": "Ernakulam","label": "Ernakulam" },
            { "value": "Idukki","label": "Idukki" },
            { "value": "Kannur","label": "Kannur" },
            { "value": "Kasaragod","label": "Kasaragod" },
            { "value": "Kollam","label": "Kollam" },
            { "value": "Kottayam","label": "Kottayam" },
            { "value": "Kozhikode","label": "Kozhikode" },
            { "value": "Malappuram","label": "Malappuram" },
            { "value": "Palakkad","label": "Palakkad" },
            { "value": "Pathanamthitta","label": "Pathanamthitta" },
            { "value": "Thiruvananthapuram","label": "Thiruvananthapuram" },
            { "value": "Thrissur","label": "Thrissur" },
            { "value": "Wayanad","label": "Wayanad" }
        ],
        "Ladakh": [
          { "value": "Unknown", "label": "Unknown" },
          { "value": "Kargil","label": "Kargil" },
          { "value": "Leh","label": "Leh" }
      ],
         "Lakshadweep": [
            { "value": "Unknown", "label": "Unknown" },
            { "value": "Agatti","label": "Agatti" },
            { "value": "Amini","label": "Amini" },
            { "value": "Androth","label": "Androth" },
            { "value": "Bithra","label": "Bithra" },
            { "value": "Chethlath","label": "Chethlath" },
            { "value": "Kavaratti","label": "Kavaratti" },
            { "value": "Kadmath","label": "Kadmath" },
            { "value": "Kalpeni","label": "Kalpeni" },
            { "value": "Kilthan","label": "Kilthan" },
            { "value": "Minicoy","label": "Minicoy" }
        ],
         "Madhya Pradesh": [
            { "value": "Unknown", "label": "Unknown" },
            { "value": "Agar Malwa","label": "Agar Malwa" },
            { "value": "Alirajpur","label": "Alirajpur" },
            { "value": "Anuppur","label": "Anuppur" },
            { "value": "Ashoknagar","label": "Ashoknagar" },
            { "value": "Balaghat","label": "Balaghat" },
            { "value": "Barwani","label": "Barwani" },
            { "value": "Betul","label": "Betul" },
            { "value": "Bhind","label": "Bhind" },
            { "value": "Bhopal","label": "Bhopal" },
            { "value": "Burhanpur","label": "Burhanpur" },
            { "value": "Chhatarpur","label": "Chhatarpur" },
            { "value": "Chhindwara","label": "Chhindwara" },
            { "value": "Damoh","label": "Damoh" },
            { "value": "Datia","label": "Datia" },
            { "value": "Dewas","label": "Dewas" },
            { "value": "Dhar","label": "Dhar" },
            { "value": "Dindori","label": "Dindori" },
            { "value": "Guna","label": "Guna" },
            { "value": "Gwalior","label": "Gwalior" },
            { "value": "Harda","label": "Harda" },
            { "value": "Hoshangabad","label": "Hoshangabad" },
            { "value": "Indore","label": "Indore" },
            { "value": "Jabalpur","label": "Jabalpur" },
            { "value": "Jhabua","label": "Jhabua" },
            { "value": "Katni","label": "Katni" },
            { "value": "Khandwa","label": "Khandwa" },
            { "value": "Khargone","label": "Khargone" },
            { "value": "Mandla","label": "Mandla" },
            { "value": "Mandsaur","label": "Mandsaur" },
            { "value": "Morena","label": "Morena" },
            { "value": "Narsinghpur","label": "Narsinghpur" },
            { "value": "Neemuch","label": "Neemuch" },
            { "value": "Panna","label": "Panna" },
            { "value": "Raisen","label": "Raisen" },
            { "value": "Rajgarh","label": "Rajgarh" },
            { "value": "Ratlam","label": "Ratlam" },
            { "value": "Rewa","label": "Rewa" },
            { "value": "Sagar","label": "Sagar" },
            { "value": "Satna","label": "Satna" },
            { "value": "Sehore","label": "Sehore" },
            { "value": "Seoni","label": "Seoni" },
            { "value": "Shahdol","label": "Shahdol" },
            { "value": "Shajapur","label": "Shajapur" },
            { "value": "Sheopur","label": "Sheopur" },
            { "value": "Shivpuri","label": "Shivpuri" },
            { "value": "Sidhi","label": "Sidhi" },
            { "value": "Singrauli","label": "Singrauli" },
            { "value": "Tikamgarh","label": "Tikamgarh" },
            { "value": "Ujjain","label": "Ujjain" },
            { "value": "Umaria","label": "Umaria" },
            { "value": "Vidisha","label": "Vidisha" }
        ],
         "Maharashtra": [
            { "value": "Unknown", "label": "Unknown" },
            { "value": "Ahmednagar","label": "Ahmednagar" },
            { "value": "Akola","label": "Akola" },
            { "value": "Amravati","label": "Amravati" },
            { "value": "Aurangabad","label": "Aurangabad" },
            { "value": "Beed","label": "Beed" },
            { "value": "Bhandara","label": "Bhandara" },
            { "value": "Buldhana","label": "Buldhana" },
            { "value": "Chandrapur","label": "Chandrapur" },
            { "value": "Dhule","label": "Dhule" },
            { "value": "Gadchiroli","label": "Gadchiroli" },
            { "value": "Gondia","label": "Gondia" },
            { "value": "Hingoli","label": "Hingoli" },
            { "value": "Jalgaon","label": "Jalgaon" },
            { "value": "Jalna","label": "Jalna" },
            { "value": "Kolhapur","label": "Kolhapur" },
            { "value": "Latur","label": "Latur" },
            { "value": "Mumbai City","label": "Mumbai City" },
            { "value": "Mumbai Suburban","label": "Mumbai Suburban" },
            { "value": "Nagpur","label": "Nagpur" },
            { "value": "Nanded","label": "Nanded" },
            { "value": "Nandurbar","label": "Nandurbar" },
            { "value": "Nashik","label": "Nashik" },
            { "value": "Osmanabad","label": "Osmanabad" },
            { "value": "Palghar","label": "Palghar" },
            { "value": "Parbhani","label": "Parbhani" },
            { "value": "Pune","label": "Pune" },
            { "value": "Raigad","label": "Raigad" },
            { "value": "Ratnagiri","label": "Ratnagiri" },
            { "value": "Sangli","label": "Sangli" },
            { "value": "Satara","label": "Satara" },
            { "value": "Sindhudurg","label": "Sindhudurg" },
            { "value": "Solapur","label": "Solapur" },
            { "value": "Thane","label": "Thane" },
            { "value": "Wardha","label": "Wardha" },
            { "value": "Washim","label": "Washim" },
            { "value": "Yavatmal","label": "Yavatmal" }
        ],
         "Manipur": [
            { "value": "Unknown", "label": "Unknown" },
            { "value": "Bishnupur","label": "Bishnupur" },
            { "value": "Chandel","label": "Chandel" },
            { "value": "Churachandpur","label": "Churachandpur" },
            { "value": "Imphal East","label": "Imphal East" },
            { "value": "Imphal West","label": "Imphal West" },
            { "value": "Jiribam","label": "Jiribam" },
            { "value": "Kakching","label": "Kakching" },
            { "value": "Kamjong","label": "Kamjong" },
            { "value": "Kangpokpi","label": "Kangpokpi" },
            { "value": "Noney","label": "Noney" },
            { "value": "Pherzawl","label": "Pherzawl" },
            { "value": "Senapati","label": "Senapati" },
            { "value": "Tamenglong","label": "Tamenglong" },
            { "value": "Tengnoupal","label": "Tengnoupal" },
            { "value": "Thoubal","label": "Thoubal" },
            { "value": "Ukhrul","label": "Ukhrul" }
        ],
         "Meghalaya": [
            { "value": "Unknown", "label": "Unknown" },
            { "value": "East Garo Hills","label": "East Garo Hills" },
            { "value": "East Jaintia Hills","label": "East Jaintia Hills" },
            { "value": "East Khasi Hills","label": "East Khasi Hills" },
            { "value": "North Garo Hills","label": "North Garo Hills" },
            { "value": "Ri Bhoi","label": "Ri Bhoi" },
            { "value": "South Garo Hills","label": "South Garo Hills" },
            { "value": "South West Garo Hills ","label": "South West Garo Hills " },
            { "value": "South West Khasi Hills","label": "South West Khasi Hills" },
            { "value": "West Garo Hills","label": "West Garo Hills" },
            { "value": "West Jaintia Hills","label": "West Jaintia Hills" },
            { "value": "West Khasi Hills","label": "West Khasi Hills" }
        ],
         "Mizoram": [
            { "value": "Unknown", "label": "Unknown" },
            { "value": "Aizawl","label": "Aizawl" },
            { "value": "Champhai","label": "Champhai" },
            { "value": "Kolasib","label": "Kolasib" },
            { "value": "Lawngtlai","label": "Lawngtlai" },
            { "value": "Lunglei","label": "Lunglei" },
            { "value": "Mamit","label": "Mamit" },
            { "value": "Saiha","label": "Saiha" },
            { "value": "Serchhip","label": "Serchhip" }
        ],
         "Nagaland": [
            { "value": "Unknown", "label": "Unknown" },
            { "value": "Dimapur","label": "Dimapur" },
            { "value": "Kiphire","label": "Kiphire" },
            { "value": "Kohima","label": "Kohima" },
            { "value": "Longleng","label": "Longleng" },
            { "value": "Mokokchung","label": "Mokokchung" },
            { "value": "Mon","label": "Mon" },
            { "value": "Peren","label": "Peren" },
            { "value": "Phek","label": "Phek" },
            { "value": "Tuensang","label": "Tuensang" },
            { "value": "Wokha","label": "Wokha" },
            { "value": "Zunheboto","label": "Zunheboto" }
        ],
         "Orissa": [
            { "value": "Unknown", "label": "Unknown" },
            { "value": "Angul","label": "Angul" },
            { "value": "Balangir","label": "Balangir" },
            { "value": "Balasore","label": "Balasore" },
            { "value": "Bargarh","label": "Bargarh" },
            { "value": "Bhadrak","label": "Bhadrak" },
            { "value": "Boudh","label": "Boudh" },
            { "value": "Cuttack","label": "Cuttack" },
            { "value": "Deogarh","label": "Deogarh" },
            { "value": "Dhenkanal","label": "Dhenkanal" },
            { "value": "Gajapati","label": "Gajapati" },
            { "value": "Ganjam","label": "Ganjam" },
            { "value": "Jagatsinghapur","label": "Jagatsinghapur" },
            { "value": "Jajpur","label": "Jajpur" },
            { "value": "Jharsuguda","label": "Jharsuguda" },
            { "value": "Kalahandi","label": "Kalahandi" },
            { "value": "Kandhamal","label": "Kandhamal" },
            { "value": "Kendrapara","label": "Kendrapara" },
            { "value": "Kendujhar (Keonjhar)","label": "Kendujhar (Keonjhar)" },
            { "value": "Khordha","label": "Khordha" },
            { "value": "Koraput","label": "Koraput" },
            { "value": "Malkangiri","label": "Malkangiri" },
            { "value": "Mayurbhanj","label": "Mayurbhanj" },
            { "value": "Nabarangpur","label": "Nabarangpur" },
            { "value": "Nayagarh","label": "Nayagarh" },
            { "value": "Nuapada","label": "Nuapada" },
            { "value": "Puri","label": "Puri" },
            { "value": "Rayagada","label": "Rayagada" },
            { "value": "Sambalpur","label": "Sambalpur" },
            { "value": "Sonepur","label": "Sonepur" },
            { "value": "Sundargarh","label": "Sundargarh" }
        ],
         "Pondicherry": [
            { "value": "Unknown", "label": "Unknown" },
            { "value": "Karaikal","label": "Karaikal" },
            { "value": "Mahe","label": "Mahe" },
            { "value": "Pondicherry","label": "Pondicherry" },
            { "value": "Yanam","label": "Yanam" }
        ],
         "Punjab": [
            { "value": "Unknown", "label": "Unknown" },
            { "value": "Amritsar","label": "Amritsar" },
            { "value": "Barnala","label": "Barnala" },
            { "value": "Bathinda","label": "Bathinda" },
            { "value": "Faridkot","label": "Faridkot" },
            { "value": "Fatehgarh Sahib","label": "Fatehgarh Sahib" },
            { "value": "Fazilka","label": "Fazilka" },
            { "value": "Ferozepur","label": "Ferozepur" },
            { "value": "Gurdaspur","label": "Gurdaspur" },
            { "value": "Hoshiarpur","label": "Hoshiarpur" },
            { "value": "Jalandhar","label": "Jalandhar" },
            { "value": "Kapurthala","label": "Kapurthala" },
            { "value": "Ludhiana","label": "Ludhiana" },
            { "value": "Mansa","label": "Mansa" },
            { "value": "Moga","label": "Moga" },
            { "value": "Muktsar","label": "Muktsar" },
            { "value": "Nawanshahr (Shahid Bhagat Singh Nagar)","label": "Nawanshahr (Shahid Bhagat Singh Nagar)" },
            { "value": "Pathankot","label": "Pathankot" },
            { "value": "Patiala","label": "Patiala" },
            { "value": "Rupnagar","label": "Rupnagar" },
            { "value": "Sahibzada Ajit Singh Nagar (Mohali)","label": "Sahibzada Ajit Singh Nagar (Mohali)" },
            { "value": "Sangrur","label": "Sangrur" },
            { "value": "Tarn Taran","label": "Tarn Taran" }
        ],
         "Rajasthan": [
            { "value": "Unknown", "label": "Unknown" },
            { "value": "Ajmer","label": "Ajmer" },
            { "value": "Alwar","label": "Alwar" },
            { "value": "Banswara","label": "Banswara" },
            { "value": "Baran","label": "Baran" },
            { "value": "Barmer","label": "Barmer" },
            { "value": "Bharatpur","label": "Bharatpur" },
            { "value": "Bhilwara","label": "Bhilwara" },
            { "value": "Bikaner","label": "Bikaner" },
            { "value": "Bundi","label": "Bundi" },
            { "value": "Chittorgarh","label": "Chittorgarh" },
            { "value": "Churu","label": "Churu" },
            { "value": "Dausa","label": "Dausa" },
            { "value": "Dholpur","label": "Dholpur" },
            { "value": "Dungarpur","label": "Dungarpur" },
            { "value": "Hanumangarh","label": "Hanumangarh" },
            { "value": "Jaipur","label": "Jaipur" },
            { "value": "Jaisalmer","label": "Jaisalmer" },
            { "value": "Jalore","label": "Jalore" },
            { "value": "Jhalawar","label": "Jhalawar" },
            { "value": "Jhunjhunu","label": "Jhunjhunu" },
            { "value": "Jodhpur","label": "Jodhpur" },
            { "value": "Karauli","label": "Karauli" },
            { "value": "Kota","label": "Kota" },
            { "value": "Nagaur","label": "Nagaur" },
            { "value": "Pali","label": "Pali" },
            { "value": "Pratapgarh","label": "Pratapgarh" },
            { "value": "Rajsamand","label": "Rajsamand" },
            { "value": "Sawai Madhopur","label": "Sawai Madhopur" },
            { "value": "Sikar","label": "Sikar" },
            { "value": "Sirohi","label": "Sirohi" },
            { "value": "Sri Ganganagar","label": "Sri Ganganagar" },
            { "value": "Tonk","label": "Tonk" },
            { "value": "Udaipur","label": "Udaipur" }
        ],
         "Sikkim": [
            { "value": "Unknown", "label": "Unknown" },
            { "value": "East Sikkim","label": "East Sikkim" },
            { "value": "North Sikkim","label": "North Sikkim" },
            { "value": "South Sikkim","label": "South Sikkim" },
            { "value": "West Sikkim","label": "West Sikkim" }
        ],
         "Tamil Nadu": [
            { "value": "Unknown", "label": "Unknown" },
            { "value": "Ariyalur","label": "Ariyalur" },
            { "value": "Chennai","label": "Chennai" },
            { "value": "Coimbatore","label": "Coimbatore" },
            { "value": "Cuddalore","label": "Cuddalore" },
            { "value": "Dharmapuri","label": "Dharmapuri" },
            { "value": "Dindigul","label": "Dindigul" },
            { "value": "Erode","label": "Erode" },
            { "value": "Kanchipuram","label": "Kanchipuram" },
            { "value": "Kanyakumari","label": "Kanyakumari" },
            { "value": "Karur","label": "Karur" },
            { "value": "Krishnagiri","label": "Krishnagiri" },
            { "value": "Madurai","label": "Madurai" },
            { "value": "Nagapattinam","label": "Nagapattinam" },
            { "value": "Namakkal","label": "Namakkal" },
            { "value": "Nilgiris","label": "Nilgiris" },
            { "value": "Perambalur","label": "Perambalur" },
            { "value": "Pudukkottai","label": "Pudukkottai" },
            { "value": "Ramanathapuram","label": "Ramanathapuram" },
            { "value": "Salem","label": "Salem" },
            { "value": "Sivaganga","label": "Sivaganga" },
            { "value": "Thanjavur","label": "Thanjavur" },
            { "value": "Theni","label": "Theni" },
            { "value": "Thoothukudi (Tuticorin)","label": "Thoothukudi (Tuticorin)" },
            { "value": "Tiruchirappalli","label": "Tiruchirappalli" },
            { "value": "Tirunelveli","label": "Tirunelveli" },
            { "value": "Tiruppur","label": "Tiruppur" },
            { "value": "Tiruvallur","label": "Tiruvallur" },
            { "value": "Tiruvannamalai","label": "Tiruvannamalai" },
            { "value": "Tiruvarur","label": "Tiruvarur" },
            { "value": "Vellore","label": "Vellore" },
            { "value": "Viluppuram","label": "Viluppuram" },
            { "value": "Virudhunagar","label": "Virudhunagar" }
        ],
         "Telangana": [
            { "value": "Unknown", "label": "Unknown" },
            { "value": "Adilabad","label": "Adilabad" },
            { "value": "Bhadradri Kothagudem","label": "Bhadradri Kothagudem" },
            { "value": "Hyderabad","label": "Hyderabad" },
            { "value": "Jagtial","label": "Jagtial" },
            { "value": "Jangaon","label": "Jangaon" },
            { "value": "Jayashankar Bhoopalpally","label": "Jayashankar Bhoopalpally" },
            { "value": "Jogulamba Gadwal","label": "Jogulamba Gadwal" },
            { "value": "Kamareddy","label": "Kamareddy" },
            { "value": "Karimnagar","label": "Karimnagar" },
            { "value": "Khammam","label": "Khammam" },
            { "value": "Komaram Bheem Asifabad","label": "Komaram Bheem Asifabad" },
            { "value": "Mahabubabad","label": "Mahabubabad" },
            { "value": "Mahabubnagar","label": "Mahabubnagar" },
            { "value": "Mancherial","label": "Mancherial" },
            { "value": "Medak","label": "Medak" },
            { "value": "Medchal","label": "Medchal" },
            { "value": "Nagarkurnool","label": "Nagarkurnool" },
            { "value": "Nalgonda","label": "Nalgonda" },
            { "value": "Nirmal","label": "Nirmal" },
            { "value": "Nizamabad","label": "Nizamabad" },
            { "value": "Peddapalli","label": "Peddapalli" },
            { "value": "Rajanna Sircilla","label": "Rajanna Sircilla" },
            { "value": "Rangareddy","label": "Rangareddy" },
            { "value": "Sangareddy","label": "Sangareddy" },
            { "value": "Siddipet","label": "Siddipet" },
            { "value": "Suryapet","label": "Suryapet" },
            { "value": "Vikarabad","label": "Vikarabad" },
            { "value": "Wanaparthy","label": "Wanaparthy" },
            { "value": "Warangal (Rural)","label": "Warangal (Rural)" },
            { "value": "Warangal (Urban)","label": "Warangal (Urban)" },
            { "value": "Yadadri Bhuvanagiri","label": "Yadadri Bhuvanagiri" }
        ],
         "Tripura": [
            { "value": "Unknown", "label": "Unknown" },
            { "value": "Dhalai","label": "Dhalai" },
            { "value": "Gomati","label": "Gomati" },
            { "value": "Khowai","label": "Khowai" },
            { "value": "North Tripura","label": "North Tripura" },
            { "value": "Sepahijala","label": "Sepahijala" },
            { "value": "South Tripura","label": "South Tripura" },
            { "value": "Unakoti","label": "Unakoti" },
            { "value": "West Tripura","label": "West Tripura" }
        ],
        "Uttaranchal": [
            { "value": "Unknown", "label": "Unknown" },
            { "value": "Almora","label": "Almora" },
            { "value": "Bageshwar","label": "Bageshwar" },
            { "value": "Chamoli","label": "Chamoli" },
            { "value": "Champawat","label": "Champawat" },
            { "value": "Dehradun","label": "Dehradun" },
            { "value": "Haridwar","label": "Haridwar" },
            { "value": "Nainital","label": "Nainital" },
            { "value": "Pauri Garhwal","label": "Pauri Garhwal" },
            { "value": "Pithoragarh","label": "Pithoragarh" },
            { "value": "Rudraprayag","label": "Rudraprayag" },
            { "value": "Tehri Garhwal","label": "Tehri Garhwal" },
            { "value": "Udham Singh Nagar","label": "Udham Singh Nagar" },
            { "value": "Uttarkashi","label": "Uttarkashi" }
        ],
        "Uttar Pradesh": [
            { "value": "Unknown", "label": "Unknown" },
            { "value": "Agra","label": "Agra" },
            { "value": "Aligarh","label": "Aligarh" },
            { "value": "Allahabad","label": "Allahabad" },
            { "value": "Ambedkar Nagar","label": "Ambedkar Nagar" },
            { "value": "Amethi (Chatrapati Sahuji Mahraj Nagar)","label": "Amethi (Chatrapati Sahuji Mahraj Nagar)" },
            { "value": "Amroha (J.P. Nagar)","label": "Amroha (J.P. Nagar)" },
            { "value": "Auraiya","label": "Auraiya" },
            { "value": "Azamgarh","label": "Azamgarh" },
            { "value": "Baghpat","label": "Baghpat" },
            { "value": "Bahraich","label": "Bahraich" },
            { "value": "Ballia","label": "Ballia" },
            { "value": "Balrampur","label": "Balrampur" },
            { "value": "Banda","label": "Banda" },
            { "value": "Barabanki","label": "Barabanki" },
            { "value": "Bareilly","label": "Bareilly" },
            { "value": "Basti","label": "Basti" },
            { "value": "Bhadohi","label": "Bhadohi" },
            { "value": "Bijnor","label": "Bijnor" },
            { "value": "Budaun","label": "Budaun" },
            { "value": "Bulandshahr","label": "Bulandshahr" },
            { "value": "Chandauli","label": "Chandauli" },
            { "value": "Chitrakoot","label": "Chitrakoot" },
            { "value": "Deoria","label": "Deoria" },
            { "value": "Etah","label": "Etah" },
            { "value": "Etawah","label": "Etawah" },
            { "value": "Faizabad","label": "Faizabad" },
            { "value": "Farrukhabad","label": "Farrukhabad" },
            { "value": "Fatehpur","label": "Fatehpur" },
            { "value": "Firozabad","label": "Firozabad" },
            { "value": "Gautam Buddha Nagar","label": "Gautam Buddha Nagar" },
            { "value": "Ghaziabad","label": "Ghaziabad" },
            { "value": "Ghazipur","label": "Ghazipur" },
            { "value": "Gonda","label": "Gonda" },
            { "value": "Gorakhpur","label": "Gorakhpur" },
            { "value": "Hamirpur","label": "Hamirpur" },
            { "value": "Hapur (Panchsheel Nagar)","label": "Hapur (Panchsheel Nagar)" },
            { "value": "Hardoi","label": "Hardoi" },
            { "value": "Hathras","label": "Hathras" },
            { "value": "Jalaun","label": "Jalaun" },
            { "value": "Jaunpur","label": "Jaunpur" },
            { "value": "Jhansi","label": "Jhansi" },
            { "value": "Kannauj","label": "Kannauj" },
            { "value": "Kanpur Dehat","label": "Kanpur Dehat" },
            { "value": "Kanpur Nagar","label": "Kanpur Nagar" },
            { "value": "Kanshiram Nagar (Kasganj)","label": "Kanshiram Nagar (Kasganj)" },
            { "value": "Kaushambi","label": "Kaushambi" },
            { "value": "Kushinagar (Padrauna)","label": "Kushinagar (Padrauna)" },
            { "value": "Lakhimpur - Kheri","label": "Lakhimpur - Kheri" },
            { "value": "Lalitpur","label": "Lalitpur" },
            { "value": "Lucknow","label": "Lucknow" },
            { "value": "Maharajganj","label": "Maharajganj" },
            { "value": "Mahoba","label": "Mahoba" },
            { "value": "Mainpuri","label": "Mainpuri" },
            { "value": "Mathura","label": "Mathura" },
            { "value": "Mau","label": "Mau" },
            { "value": "Meerut","label": "Meerut" },
            { "value": "Mirzapur","label": "Mirzapur" },
            { "value": "Moradabad","label": "Moradabad" },
            { "value": "Muzaffarnagar","label": "Muzaffarnagar" },
            { "value": "Pilibhit","label": "Pilibhit" },
            { "value": "Pratapgarh","label": "Pratapgarh" },
            { "value": "RaeBareli","label": "RaeBareli" },
            { "value": "Rampur","label": "Rampur" },
            { "value": "Saharanpur","label": "Saharanpur" },
            { "value": "Sambhal (Bhim Nagar)","label": "Sambhal (Bhim Nagar)" },
            { "value": "Sant Kabir Nagar","label": "Sant Kabir Nagar" },
            { "value": "Shahjahanpur","label": "Shahjahanpur" },
            { "value": "Shamali (Prabuddh Nagar)","label": "Shamali (Prabuddh Nagar)" },
            { "value": "Shravasti","label": "Shravasti" },
            { "value": "Siddharth Nagar","label": "Siddharth Nagar" },
            { "value": "Sitapur","label": "Sitapur" },
            { "value": "Sonbhadra","label": "Sonbhadra" },
            { "value": "Sultanpur","label": "Sultanpur" },
            { "value": "Unnao","label": "Unnao" },
            { "value": "Varanasi","label": "Varanasi" }
        ],
        "West Bengal": [
            { "value": "Unknown", "label": "Unknown" },
            { "value": "Alipurduar","label": "Alipurduar" },
            { "value": "Bankura","label": "Bankura" },
            { "value": "Birbhum","label": "Birbhum" },
            { "value": "Burdwan (Bardhaman)","label": "Burdwan (Bardhaman)" },
            { "value": "Cooch Behar","label": "Cooch Behar" },
            { "value": "Dakshin Dinajpur (South Dinajpur)","label": "Dakshin Dinajpur (South Dinajpur)" },
            { "value": "Darjeeling","label": "Darjeeling" },
            { "value": "Hooghly","label": "Hooghly" },
            { "value": "Howrah","label": "Howrah" },
            { "value": "Jalpaiguri","label": "Jalpaiguri" },
            { "value": "Kalimpong","label": "Kalimpong" },
            { "value": "Kolkata","label": "Kolkata" },
            { "value": "Malda","label": "Malda" },
            { "value": "Murshidabad","label": "Murshidabad" },
            { "value": "Nadia","label": "Nadia" },
            { "value": "North 24 Parganas","label": "North 24 Parganas" },
            { "value": "Paschim Medinipur (West Medinipur)","label": "Paschim Medinipur (West Medinipur)" },
            { "value": "Purba Medinipur (East Medinipur)","label": "Purba Medinipur (East Medinipur)" },
            { "value": "Purulia","label": "Purulia" },
            { "value": "South 24 Parganas","label": "South 24 Parganas" },
            { "value": "Uttar Dinajpur (North Dinajpur)","label": "Uttar Dinajpur (North Dinajpur)" }
        ]
    }
  },
  {
    "name": "postalCode",
    "label": "Pin Code",
    "type": "input"
  },
  {
    "name": "phone1",
    "label": "Phone #1",
    "type": "input",
    "required": { "value": true, "message": "RequiredFieldError" }
  },
  {
    "name": "phone2",
    "label": "Phone #2",
    "type": "input"
  },
  {
    "name": "email",
    "label": "Email address",
    "type": "input"
  },
  {
    "name": "preferredTime",
    "label": "Preferred Time of Contact",
    "type": "input"
  },
  {
    "name": "preferredMethod",
    "label": "Preferred Method of Contact",
    "type": "select",
    "options": [
      { "value": "Unknown", "label": "" },
      { "value": "Phone Call", "label": "Phone Call" },
      { "value": "Email", "label": "Email" },
      { "value": "Whatsapp Message", "label": "Whatsapp Message" },
      { "value": "Whatsapp Call", "label": "Whatsapp Call" },
      { "value": "Other", "label": "Other" }
    ]  
  },
  {
    "name": "language",
    "label": "Language",
    "type": "select",
    "options": [
      { "value": "Unknown", "label": "" },
      { "value": "Hindi", "label": "Hindi" },
      { "value": "English", "label": "English" },
      { "value": "Other", "label": "Other" }
    ]  
  },
  {
    "name": "validID",
    "label": "Valid ID available?",
    "type": "select",
    "options": [
      { "value": "", "label": "" },
      { "value": "Yes", "label": "Yes" },
      { "value": "No", "label": "No" },
      { "value": "Unknown", "label": "Unknown" }
    ],
    "required": { "value": true, "message": "RequiredFieldError" }
  },
  {
    "name": "idType",
    "label": "Kind of ID available",
    "type": "select",
    "options": [
      { "value": "Unknown", "label": "" },
      { "value": "Birth certificate", "label": "Birth certificate" },
      { "value": "School leaving certificate", "label": "School leaving certificate" },
      { "value": "Aadhar card", "label": "Aadhar card" },
      { "value": "Passport", "label": "Passport" },
      { "value": "Tribal identity card", "label": "Tribal identity card" },
      { "value": "Unique disability ID", "label": "Unique disability ID" },
      { "value": "Family certificate", "label": "Family certificate" },
      { "value": "Ration card", "label": "Ration card" },
      { "value": "School ID", "label": "School ID" },
      { "value": "Junior college ID", "label": "Junior college ID" },
      { "value": "Other", "label": "Other" }
    ]  
  },
  {
    "name": "idNumber",
    "label": "ID Number",
    "type": "input"
  },
  {
    "name": "schoolName",
    "label": "School Name",
    "type": "input"
  },
  {
    "name": "gradeLevel",
    "label": "Grade Level",
    "type": "select",
    "options": [
      { "value": "Unknown", "label": "" },
      { "value": "Pre-School", "label": "Pre-School" },
      { "value": "Grade 1 to 4", "label": "Grade 1 to 4" },
      { "value": "Grade 5 to 7", "label": "Grade 5 to 7" },
      { "value": "Grade 8 to 9", "label": "Grade 8 to 9" },
      { "value": "Grade 10 to 12", "label": "Grade 10 to 12" },
      { "value": "Out of school", "label": "Out of school" }
    ]
  },
  {
    "name": "livingSituation",
    "label": "Living Situation",
    "type": "select",
    "options": [
      { "value": "Unknown", "label": "" },
      { "value": "Child Care Institution", "label": "Child Care Institution" },
      { "value": "Group residential facility/hostel", "label": "Group residential facility/Hostel" },
      { "value": "Homeless or marginally housed", "label": "Homeless or marginally housed" },
      { "value": "Observation Home", "label": "Observation Home" },
      { "value": "Living independently", "label": "Living independently" },
      { "value": "Migrant Children", "label": "Migrant Children" },
      { "value": "With parent(s)", "label": "With parent(s)" },
      { "value": "With relatives", "label": "With relatives" },
      { "value": "Other", "label": "Other" }
    ]
  },
  {
    "name": "CIIName",
    "label": "Child Care Institution Name",
    "type": "input"
  },
  {
    "name": "temporaryAddress",
    "label": "Temporary Address",
    "type": "input"
  },
  {
    "name": "imminentDanger",
    "label": "Client in imminent physical danger?",
    "type": "select",
    "options": [
      { "value": "", "label": "" },
      { "value": "Yes", "label": "Yes" },
      { "value": "No", "label": "No" },
      { "value": "Unknown", "label": "Unknown" }
    ],
    "required": { "value": true, "message": "RequiredFieldError" }
  },
  {
    "name": "knownPerpetrator",
    "label": "Does the client know the perpetrator?",
    "type": "select",
    "options": [
      { "value": "", "label": "" },
      { "value": "Yes", "label": "Yes" },
      { "value": "No", "label": "No" },
      { "value": "Unknown", "label": "Unknown" }
    ]
  },
  {
    "name": "knownIssue",
    "label": "Does the parent/trusted adult know about the issue?",
    "type": "select",
    "options": [
      { "value": "", "label": "" },
      { "value": "Yes", "label": "Yes" },
      { "value": "No", "label": "No" },
      { "value": "Unknown", "label": "Unknown" }
    ]
  },
  {
    "name": "inConflictWithTheLaw",
    "label": "Client in conflict with the law",
    "type": "mixed-checkbox"
  },
  {
    "name": "memberOfAnEthnic",
    "label": "Client member of a minority religion/caste",
    "type": "mixed-checkbox"
  },
  {
    "name": "childWithDisability",
    "label": "Client with disability",
    "type": "mixed-checkbox"
  },
  {
    "name": "LGBTQI+",
    "label": "LGBTQI+ / SOGIESC client",
    "type": "mixed-checkbox"
  },
  {
    "name": "region",
    "label": "Region",
    "type": "select",
    "options": [
      { "value": "Unknown", "label": "" },
      { "value": "Cities", "label": "Cities" },
      { "value": "Rural areas", "label": "Rural areas" },
      { "value": "Town & semi-dense areas", "label": "Town & semi-dense areas" }
    ]
  }
]
